"04730: Forbruk av brensel til bruttoproduksjon av fjernvarme (GWh), etter energitype, statistikkvariabel og år"
"energitype";"Forbruk av brensel 2012";"Forbruk av brensel 2013";"Forbruk av brensel 2014";"Forbruk av brensel 2015";"Forbruk av brensel 2016";"Forbruk av brensel 2017";"Forbruk av brensel 2018";"Forbruk av brensel 2019";"Forbruk av brensel 2020";"Forbruk av brensel 2021";"Forbruk av brensel 2022";"Forbruk av brensel 2023";"Forbruk av brensel 2024"
"I alt";6577.2;6904.0;6679.4;7277.8;7640.3;7737.1;8226.7;8259.1;7767.4;9205.8;8809.8;9661.4;9204.2
"Gass-/dieseloljer, tunge fyringsoljer";185.6;164.2;106.8;99.6;112.4;70.1;65.8;49.7;24.2;88.5;108.9;119.7;201.0
"Bark, flis og tre";1591.2;1573.4;1522.0;1879.6;2104.1;2133.3;2354.5;2509.4;2211.1;3074.9;3039.6;3448.5;3179.1
"Biooljer";..;79.0;38.0;35.2;56.5;40.1;90.0;69.5;34.3;215.5;277.6;254.9;184.3
"Avfall";3223.4;3559.3;3554.4;3835.9;3724.6;3831.4;3972.9;3966.3;3904.4;3987.2;3944.7;4045.3;3969.5
"Elektrisitet";927.8;884.3;823.6;842.4;965.0;976.0;952.5;868.3;953.2;1032.9;715.3;1059.7;1188.3
"Spillvarme";202.5;206.4;200.7;181.1;184.0;178.8;198.0;212.0;209.9;277.0;266.1;273.3;270.5
"Fossil gass";250.2;227.1;190.1;177.2;251.3;255.7;312.8;298.3;158.5;277.0;177.8;252.2;173.6
"Biogass";26.5;24.5;49.1;28.7;38.2;27.1;40.0;48.8;44.2;41.2;47.3;29.4;37.9
"Kull";170.0;185.8;194.8;198.0;204.2;224.5;240.2;236.9;227.6;211.6;232.5;178.5;0.0
"Memo: Ikke utnyttet avfall";873.0;841.1;1199.6;1031.0;1101.8;1136.2;1070.4;984.8;1115.1;924.8;1076.2;937.0;888.2
